<?xml version="1.0" encoding="UTF-8"?>
<!DOCTYPE mapper PUBLIC "-//mybatis.org//DTD Mapper 3.0//EN" "http://mybatis.org/dtd/mybatis-3-mapper.dtd">
<!-- 命名空间应该是对应接口的包名+接口名 -->
<mapper namespace="com.st.dao.CustomerDao">
		<sql id= "customer_select_where">
		Customer_tel like '%${check}%' or
		Customer_name like '%${check}%' or
		Customer_num like '%${check}%' or
		Customer_days like '%${check}%' or
		Customer_roomtype like '%${check}%' or
		Customer_sex like '%${check}%' or
		Customer_money like '%${check}%' or
		Customer_addr like '%${check}%' 
	</sql>

	<select id="customer_list" resultType="map" parameterType="map">
		select * from crm_customer 
		<where>
			(
			<include refid="customer_select_where"></include>
			)
			and 
			(Customer_state=2 or Customer_state=1)
		</where>
		
		limit ${start} ,${limit}
	</select>

	<select id="getCount" resultType="int" parameterType="map">
		select
		count(Customer_id) from crm_customer where
		(Customer_tel like '%${check}%' or
		Customer_name like '%${check}%' or
		Customer_num like '%${check}%' or
		Customer_days like '%${check}%' or
		Customer_roomtype like '%${check}%' or
		Customer_sex like '%${check}%' or
		Customer_money like '%${check}%' or
		Customer_addr like '%${check}%' )and (Customer_state=1 or Customer_state=2)
	</select>
	<insert id="customer_save" parameterType="map">
		insert into
		crm_customer(Customer_id,Customer_name,Customer_days,Customer_tel,Customer_roomtype,Customer_money,Customer_addr,Customer_state,Customer_sex,Customer_num)
		values
		(#{uuid},#{Customer_name},#{Customer_days},#{Customer_tel},#{Customer_roomtype},#{Customer_money},#{Customer_addr},#{state},#{Customer_sex},#{Customer_num})
	</insert>
	<delete id="customer_del_more" parameterType="map">
		delete from
		crm_customer where Customer_id in (${customerids})
	</delete>
	<update id="customer_update" parameterType="map">
		update crm_customer set
		Customer_name=#{Customer_name},Customer_days=#{Customer_days},Customer_tel=#{Customer_tel},Customer_addr=#{Customer_addr},
		Customer_sex=#{Customer_sex},Customer_num=#{Customer_num},Customer_money=#{Customer_money},Customer_roomtype=#{Customer_roomtype}
		where Customer_id=#{Customer_id}
	</update>
	<delete id="customer_del" parameterType="map">
		delete from
		crm_customer
		where Customer_id = #{Customer_id}
	</delete>



	<select id="getPublicCount" resultType="int" parameterType="map" >
	select count(*) from crm_customer
	<where>
		(
		<include refid="customer_select_where"></include>
		)
		and Customer_state=1
	</where>
	</select>
	<select id="customer_public_list" resultType="map">
		select * from crm_customer
		<where>
		(
		<include refid="customer_select_where"></include>
		)
		and Customer_state=1
		</where>
		limit ${start} ,${limit}
	</select>
	<update id="customer_private" parameterType="map">
		update crm_customer set Customer_state=2,Customer_pass=12 where Customer_id=#{Customer_id}
	</update>



	<select id="getPrivateCount" resultType="int" parameterType="map" >
	select count(*) from crm_customer
	<where>
		(
		<include refid="customer_select_where"></include>
		)
		and Customer_state=2 
	</where>
	</select>
	<select id="customer_private_list" resultType="map">
		select * from crm_customer
		<where>
		(
		<include refid="customer_select_where"></include>
		)
		and Customer_state=2 
		</where>
		limit ${start} ,${limit}
	</select>
	<select id="cus_customer_private_list" resultType="map" parameterType="map">
		select * from crm_customer where Customer_id=#{param1.Customer_id}
	</select>
	<update id="customer_public" parameterType="map">
		update crm_customer set Customer_state=1 where
		Customer_id=#{Customer_id}
	</update>
	<select id="free_rooms_list" resultType="map" parameterType="map">
		select * from crm_customer 
		<where>
			(
			<include refid="customer_select_where"></include>
			)
			and 
			Customer_state =0
		</where>
		
		limit ${start} ,${limit}
	</select>
	<select id="getfreeCount" resultType="int" parameterType="map">
		select
		count(Customer_id) from crm_customer where
		(Customer_name like '%${check}%' or 
		Customer_days like '%${check}%'or 
		Customer_tel like '%${check}%' or 
		Customer_addr like '%${check}%'or
		Customer_state like '%${check}%'or
		Customer_user_id like '%${check}%') and Customer_state=0
	</select>
	<update id = "customer_book" parameterType="map">
	update crm_customer set
		Customer_name=#{Customer_name},Customer_days=#{Customer_days},Customer_tel=#{Customer_tel},Customer_addr=#{Customer_addr},
		Customer_sex=#{Customer_sex},Customer_num=#{Customer_num},Customer_money=#{Customer_money},Customer_roomtype=#{Customer_roomtype},Customer_state=1
		where Customer_id=#{Customer_id};
	
	</update>
	<update id = "customer_checkin" parameterType="map">
	update crm_customer set
		Customer_name=#{Customer_name},Customer_days=#{Customer_days},Customer_tel=#{Customer_tel},Customer_addr=#{Customer_addr},
		Customer_sex=#{Customer_sex},Customer_num=#{Customer_num},Customer_money=#{Customer_money},Customer_roomtype=#{Customer_roomtype},Customer_state=2,Customer_pass=12
		where Customer_id=#{Customer_id}
	</update>
	<update id = "customer_checkout" parameterType="map">
	update crm_customer set
		Customer_name='',Customer_days='',Customer_tel='',Customer_addr='',Customer_pass='',
		Customer_sex='',Customer_num=#{Customer_num},Customer_money=#{Customer_money},Customer_roomtype=#{Customer_roomtype},Customer_state=0
		where Customer_id=#{Customer_id}
	</update>
	
</mapper>