<?xml version="1.0" encoding="UTF-8"?>
<!DOCTYPE mapper PUBLIC "-//mybatis.org//DTD Mapper 3.0//EN" "http://mybatis.org/dtd/mybatis-3-mapper.dtd">
<!-- 命名空间应该是对应接口的包名+接口名 -->
<mapper namespace="com.st.dao.VisitDao">
	<insert id="visit_save" parameterType="map">
		insert into crm_visitlog
		(Visit_id,Visit_time,Visit_customer_id,Visit_customer_info) 
		values (#{uuid},now(),#{Customer_id},#{Visit_customer_info})
	</insert>
	<select id ="visitlog_list" parameterType="map" resultType="map">
		select Visit_time, Customer_name,Customer_num,Customer_id,Visit_customer_info from crm_visitlog a left join crm_customer b on a.Visit_customer_id=b.Customer_id 
		where Visit_customer_id=#{Customer_id} order by Visit_time desc
	</select>
	<select id ="ann_list" parameterType="map" resultType="map">
		select ann_time,ann_info from crm_ann order by ann_time desc
	</select>
	<insert id="ann_save" parameterType="map">
		insert into crm_ann
		(ann_info,ann_time) 
		values (#{ann_info},now())
	</insert>
</mapper>